[
    {
        "id": "1",
        "FirstName": "Peter",
        "LastName": "Griffin",
        "Age": "41",
        "Hometown": "Quahog",
        "Job": "Brewery"
    },
    {
        "id": "2",
        "FirstName": "Lois",
        "LastName": "Griffin",
        "Age": "40",
        "Hometown": "newport",
        "Job": "Piano Teacher"
    },
    {
        "id": "3",
        "FirstName": "Joseph",
        "LastName": "Swanson",
        "Age": "39",
        "Hometown": "Quahog",
        "Job": "Police Officer"
    },
    {
        "id": "4",
        "FirstName": "Glenn",
        "LastName": "Quagmire",
        "Age": "41",
        "Hometown": "Quahog",
        "Job": "pilot"
    }
]